first_name,last_name,full_name,pos,war_pos,war_p,war_tot,war_162,wae,wam,wwpa,wwar,c_pct,rp_pct,wwar_norm,is_pitcher,is_hitter,b_pa,b_ab,b_h,b_2b,b_3b,b_hr,b_bb,b_hbp,b_sf,ba,obp,slg,ops_plus,p_w,p_l,p_sv,p_ip,p_h,p_er,p_bb,p_so,p_hr,era,era_plus,hof_status,induction_year
Ted,Williams,Ted Williams,LF,125.3,0.0,125.3,131.8,74.7,33.9,-0.1,240.3,,,240.3,,yes,9788,7706,2654,525,71,521,2021,39,20,0.344,0.482,0.634,190,,,,,,,,,,,,hof,2010
Carl,Yastrzemski,Carl Yastrzemski,LF,88.7,0.0,88.7,88.7,36.4,13.6,0.7,139.4,,,139.4,,yes,13992,11988,3419,646,59,452,1845,40,105,0.285,0.379,0.462,129,,,,,,,,,,,,hof,1995
Roger,Clemens,Roger Clemens,P,0.1,74.8,74.9,77.4,39.9,13.7,1.2,132.2,,0.003,132.3,yes,,,,,,,,,,,,,,,192,111,0,2776.0,2359,943,856,2590,194,3.06,145,ineligible
Wade,Boggs,Wade Boggs,3B,71.5,0.0,71.5,71.5,39.5,14.7,0.7,126.4,,,126.4,,yes,7323,6213,2098,422,47,85,1004,22,61,0.338,0.428,0.462,142,,,,,,,,,,,,hof,2004
Cy,Young,Cy Young,P,1.3,56.3,57.6,63.7,36.2,15.2,1.1,116.2,,0.092,118.1,yes,,,,,,,,,,,,,,,192,112,9,2728.3,2347,606,299,1341,34,2.00,147,hof,1995
Tris,Speaker,Tris Speaker,CF,56.2,0.0,56.2,59.1,35.4,14.8,2.2,111.5,,,111.5,,yes,4551,3935,1327,241,106,39,459,55,0,0.337,0.414,0.482,166,,,,,,,,,,,,hof,2006
Babe,Ruth,Babe Ruth,P,22.2,18.3,40.5,45.5,25.7,12.4,5.3,88.9,,0.095,90.4,yes,yes,1328,1110,342,82,30,49,190,8,0,0.308,0.413,0.568,191,89,46,4,1190.3,934,290,425,483,9,2.19,125,hof,1995
Pedro,Martinez,Pedro Martinez,P,-0.4,47.6,47.2,47.2,26.2,8.2,1.5,83.1,,0.010,83.3,yes,,,,,,,,,,,,,,,117,37,0,1383.7,1044,387,309,1683,103,2.52,191,ineligible
Dwight,Evans,Dwight Evans,RF,61.1,0.0,61.1,61.1,16.2,1.1,2.4,80.8,,,80.8,,yes,10240,8726,2373,474,72,379,1337,51,75,0.272,0.369,0.473,127,,,,,,,,,,,,hof,2000
Carlton,Fisk,Carlton Fisk,C,37.7,0.0,37.7,37.7,20.6,8.0,1.5,67.8,0.918,,78.6,,yes,4353,3860,1097,207,33,162,389,59,32,0.284,0.356,0.481,126,,,,,,,,,,,,hof,1997
Nomar,Garciaparra,Nomar Garciaparra,SS,40.9,0.0,40.9,40.9,22.4,4.5,0.4,68.2,,,68.2,,yes,4345,3968,1281,279,50,178,279,46,48,0.323,0.370,0.553,133,,,,,,,,,,,,ineligible
Bobby,Doerr,Bobby Doerr,2B,47.7,0.0,47.7,50.2,14.4,0.4,0.3,65.3,,,65.3,,yes,8028,7093,2042,381,89,223,809,11,0,0.288,0.362,0.461,115,,,,,,,,,,,,hof,1995
Lefty,Grove,Lefty Grove,P,-2.1,38.7,36.6,38.5,19.4,5.8,0.0,63.7,,0.112,64.9,yes,,,,,,,,,,,,,,,105,62,4,1539.7,1587,571,447,743,78,3.34,143,hof,1995
Jim,Rice,Jim Rice,LF,41.5,0.0,41.5,41.5,13.0,1.0,0.4,55.9,,,55.9,,yes,9058,8225,2452,373,79,382,670,64,94,0.298,0.352,0.502,128,,,,,,,,,,,,hof,2006
Harry,Hooper,Harry Hooper,RF,39.1,0.0,39.1,42.8,8.0,0.3,3.1,54.2,,,54.2,,yes,7334,6270,1707,246,130,30,826,54,0,0.272,0.362,0.367,114,,,,,,,,,,,,hof,1995
Smoky Joe,Wood,Smoky Joe Wood,P,3.7,26.6,30.3,31.9,12.7,4.2,1.5,50.2,,0.280,52.7,yes,,,,,,,,,,,,,,,117,56,8,1416.0,1117,313,412,986,10,1.99,149,hof,2008
Luis,Tiant,Luis Tiant,P,-0.5,34.0,33.5,33.5,14.2,1.5,2.3,51.5,,0.131,52.6,yes,,,,,,,,,,,,,,,122,81,3,1774.7,1630,663,501,1075,170,3.36,119,hof,2006
Jimmie,Foxx,Jimmie Foxx,1B,33.6,0.0,33.6,35.3,14.6,2.6,0.0,52.5,,,52.5,,yes,3935,3288,1051,181,45,222,624,6,0,0.320,0.429,0.605,156,,,,,,,,,,,,hof,1995
Rico,Petrocelli,Rico Petrocelli,SS,35.6,0.0,35.6,35.6,11.4,3.3,0.5,50.8,,,50.8,,yes,6171,5390,1352,237,22,210,661,26,57,0.251,0.332,0.420,108,,,,,,,,,,,,hof,1995
John,Valentin,John Valentin,SS,30.5,0.0,30.5,33.2,11.2,2.5,0.6,47.6,,,47.6,,yes,4269,3709,1043,266,17,121,441,43,40,0.281,0.361,0.460,110,,,,,,,,,,,,hof,2008
Fred,Lynn,Fred Lynn,CF,29.7,0.0,29.7,29.7,12.9,3.5,-0.1,46.0,,,46.0,,yes,3513,3062,944,217,29,124,382,13,41,0.308,0.383,0.520,140,,,,,,,,,,,,hof,2002
Mel,Parnell,Mel Parnell,P,-0.6,29.0,28.4,29.9,12.4,2.2,0.0,44.5,,0.197,46.0,yes,,,,,,,,,,,,,,,123,75,10,1752.7,1715,682,758,732,104,3.50,125,hof,1997
David,Ortiz,David Ortiz,DH,32.0,0.0,32.0,32.0,9.7,0.0,3.8,45.5,,,45.5,,yes,5573,4738,1367,348,13,320,769,23,42,0.289,0.387,0.570,145,,,,,,,,,,,,active
Reggie,Smith,Reggie Smith,CF,32.6,0.0,32.6,32.6,11.8,0.0,0.2,44.6,,,44.6,,yes,4265,3780,1064,204,33,149,425,20,33,0.281,0.354,0.471,129,,,,,,,,,,,,hof,2008
Johnny,Pesky,Johnny Pesky,SS,31.1,0.0,31.1,32.7,10.1,0.9,-0.3,43.4,,,43.4,,yes,4675,4018,1267,194,46,13,566,22,0,0.315,0.403,0.396,110,,,,,,,,,,,,hof,1995
Manny,Ramirez,Manny Ramirez,LF,31.2,0.0,31.2,31.2,9.2,0.0,2.3,42.7,,,42.7,,yes,4682,3953,1232,256,7,274,636,56,37,0.312,0.411,0.588,155,,,,,,,,,,,,active
Jimmy,Collins,Jimmy Collins,3B,26.6,0.0,26.6,29.8,10.5,1.1,0.1,41.5,,,41.5,,yes,3224,2972,881,171,65,25,160,18,0,0.296,0.336,0.423,124,,,,,,,,,,,,hof,1995
Wes,Ferrell,Wes Ferrell,P,5.1,15.9,21.0,22.1,12.5,4.6,0.0,39.2,,0.068,39.7,yes,yes,462,396,122,17,2,17,49,0,0,0.308,0.384,0.490,115,62,40,1,877.7,982,401,310,314,45,4.11,120,hof,2008
Kevin,Youkilis,Kevin Youkilis,1B,29.5,0.0,29.5,29.5,10.1,0.0,0.0,39.6,,,39.6,,yes,3809,3206,927,232,16,129,480,82,41,0.289,0.391,0.492,127,,,,,,,,,,,,active
Dom,DiMaggio,Dom DiMaggio,CF,31.9,0.0,31.9,33.6,5.9,0.0,-0.1,39.4,,,39.4,,yes,6478,5640,1680,308,57,87,750,31,0,0.298,0.383,0.419,110,,,,,,,,,,,,hof,1995
Larry,Gardner,Larry Gardner,3B,27.8,0.0,27.8,29.2,5.7,0.0,2.2,37.1,,,37.1,,yes,4511,3919,1106,151,87,16,388,22,0,0.282,0.350,0.377,115,,,,,,,,,,,,hof,2000
Freddy,Parent,Freddy Parent,SS,25.1,0.0,25.1,28.0,8.2,0.3,0.5,37.0,,,37.0,,yes,4240,3846,1051,156,63,19,206,40,0,0.273,0.317,0.361,103
Jonathan,Papelbon,Jonathan Papelbon,P,0.0,17.1,17.1,17.1,8.0,2.7,3.7,31.5,,0.992,36.8,yes,,,,,,,,,,,,,,,23,19,219,429.3,322,111,115,509,31,2.33,197,active
Ellis,Kinder,Ellis Kinder,P,-1.8,24.2,22.4,23.6,6.8,1.2,0.0,31.6,,0.756,35.7,yes,,,,,,,,,,,,,,,86,52,91,1142.3,1086,416,403,557,92,3.28,135,hof,2006
Joe,Cronin,Joe Cronin,SS,26.9,0.0,26.9,28.3,6.9,0.2,0.0,35.4,,,35.4,,yes,4584,3892,1168,270,44,119,585,18,0,0.300,0.394,0.484,122,,,,,,,,,,,,hof,1995
Dustin,Pedroia,Dustin Pedroia,2B,24.3,0.0,24.3,24.3,9.7,0.8,0.4,35.2,,,35.2,,yes,3201,2825,862,206,8,75,301,25,30,0.305,0.373,0.463,117,,,,,,,,,,,,active
Dutch,Leonard,Dutch Leonard,P,-0.6,22.8,22.2,23.4,7.1,1.6,1.3,33.3,,0.237,34.7,yes,,,,,,,,,,,,,,,90,64,11,1361.3,1134,322,412,771,16,2.13,129
Tim,Wakefield,Tim Wakefield,P,-0.6,29.6,29.0,29.6,3.9,0.0,-0.4,33.0,,0.271,34.6,yes,,,,,,,,,,,,,,,186,168,22,3006.0,2931,1480,1095,2046,401,4.43,106,ineligible
Jason,Varitek,Jason Varitek,C,23.1,0.0,23.1,23.1,6.6,0.1,-0.7,29.1,0.962,,33.9,,yes,5839,5099,1307,306,14,193,614,61,43,0.256,0.341,0.435,98,,,,,,,,,,,,ineligible
Derek,Lowe,Derek Lowe,P,-0.1,18.4,18.3,18.3,8.4,1.5,1.8,30.0,,0.711,33.7,yes,,,,,,,,,,,,,,,70,55,85,1037.0,1024,429,312,673,69,3.72,128,active
Bob,Stanley,Bob Stanley,P,0.0,21.5,21.5,21.5,7.1,1.4,-1.1,28.9,,0.867,33.2,yes,,,,,,,,,,,,,,,115,97,132,1707.0,1858,690,471,693,113,3.64,119,hof,2000
Jon,Lester,Jon Lester,P,-0.2,22.9,22.7,22.7,8.8,0.0,1.4,32.9,,0.006,32.9,yes,,,,,,,,,,,,,,,76,34,0,957.7,873,376,362,894,85,3.53,128,active
Dick,Radatz,Dick Radatz,P,-0.6,14.9,14.3,14.3,9.0,4.5,0.0,27.8,,1.000,32.6,yes,,,,,,,,,,,,,,,49,34,104,557.3,420,164,213,627,45,2.65,147,hof,2010
Tex,Hughson,Tex Hughson,P,-2.7,24.4,21.7,22.8,8.2,0.1,-0.3,30.9,,0.307,32.5,yes,,,,,,,,,,,,,,,96,54,17,1375.7,1270,450,372,693,77,2.94,125,hof,2002
Mo,Vaughn,Mo Vaughn,1B,24.0,0.0,24.0,25.4,7.2,0.0,-0.4,32.2,,,32.2,,yes,4452,3828,1165,199,10,230,519,71,34,0.304,0.394,0.542,140,,,,,,,,,,,,hof,1997
Carl,Mays,Carl Mays,P,2.8,14.8,17.6,19.6,5.8,0.0,3.2,28.7,,0.353,30.4,yes,,,,,,,,,,,,,,,72,51,12,1105.0,918,271,290,399,8,2.21,124
Mike,Greenwell,Mike Greenwell,LF,23.5,0.0,23.5,23.9,5.6,1.2,-0.6,30.0,,,30.0,,yes,5166,4623,1400,275,38,130,460,39,41,0.303,0.368,0.463,120,,,,,,,,,,,,hof,2008
Dennis,Eckersley,Dennis Eckersley,P,0.0,19.4,19.4,19.4,8.0,1.2,0.0,28.6,,0.207,29.6,yes,,,,,,,,,,,,,,,88,71,1,1371.7,1408,598,312,771,167,3.92,109,hof,2004
Joe,Dobson,Joe Dobson,P,-1.1,22.6,21.5,22.6,4.0,0.0,1.4,28.0,,0.220,29.0,yes,,,,,,,,,,,,,,,106,72,9,1544.0,1464,612,604,690,88,3.57,115
Vern,Stephens,Vern Stephens,SS,20.1,0.0,20.1,21.1,6.7,0.8,0.0,28.6,,,28.6,,yes,2872,2545,721,124,20,122,320,3,0,0.283,0.364,0.492,118,,,,,,,,,,,,hof,1995
Frank,Sullivan,Frank Sullivan,P,-2.8,23.1,20.3,21.4,5.3,0.0,0.0,26.7,,0.202,27.6,yes,,,,,,,,,,,,,,,90,80,6,1505.3,1455,581,475,821,124,3.47,120,hof,2000
Pete,Runnels,Pete Runnels,1B,20.0,0.0,20.0,20.8,6.4,0.0,0.0,27.2,,,27.2,,yes,3004,2578,825,147,21,29,378,15,15,0.320,0.408,0.427,124,,,,,,,,,,,,hof,1995
Ray,Collins,Ray Collins,P,0.0,19.3,19.3,20.3,5.4,0.0,0.0,25.7,,0.241,26.8,yes,,,,,,,,,,,,,,,84,62,4,1336.0,1246,373,269,511,15,2.51,115
Bill,Dinneen,Bill Dinneen,P,-1.5,16.4,14.9,16.9,6.6,0.0,2.8,26.2,,0.033,26.4,yes,,,,,,,,,,,,,,,85,85,3,1501.0,1372,469,338,602,39,2.81,106
Josh,Beckett,Josh Beckett,P,0.1,19.3,19.4,19.4,6.3,0.1,0.5,26.3,,0.000,26.3,yes,,,,,,,,,,,,,,,84,47,0,1112.7,1048,500,300,1014,137,4.04,113,active
Duffy,Lewis,Duffy Lewis,LF,20.0,0.0,20.0,21.0,1.1,0.0,3.9,26.1,,,26.1,,yes,4884,4325,1248,254,62,27,303,37,0,0.289,0.340,0.395,117,,,,,,,,,,,,hof,2002
Jackie,Jensen,Jackie Jensen,RF,20.4,0.0,20.4,21.4,4.0,0.0,0.0,25.4,,,25.4,,yes,4518,3857,1089,187,28,170,585,14,52,0.282,0.374,0.478,123,,,,,,,,,,,,hof,2000
Bill,Lee,Bill Lee,P,-0.3,17.8,17.5,17.5,4.0,0.3,0.9,22.7,,0.480,24.6,yes,,,,,,,,,,,,,,,94,68,13,1503.3,1627,608,448,578,136,3.64,110,hof,2008
Buck,Freeman,Buck Freeman,RF,17.4,0.0,17.4,19.7,3.4,0.0,0.8,23.9,,,23.9,,yes,3385,3077,879,158,90,48,215,34,0,0.286,0.339,0.442,130
Bruce,Hurst,Bruce Hurst,P,0.0,17.7,17.7,17.7,2.9,0.0,2.6,23.2,,0.084,23.5,yes,,,,,,,,,,,,,,,88,73,0,1459.0,1569,686,479,1043,173,4.23,102,hof,2004
Chick,Stahl,Chick Stahl,CF,17.8,0.0,17.8,19.7,3.0,0.0,0.6,23.3,,,23.3,,yes,3407,3004,871,122,62,17,280,33,0,0.290,0.357,0.389,121
Curt,Schilling,Curt Schilling,P,0.0,14.5,14.5,14.5,5.0,0.4,1.5,21.4,,0.176,22.1,yes,,,,,,,,,,,,,,,53,29,9,675.0,712,296,108,574,84,3.95,121,ineligible
Trot,Nixon,Trot Nixon,RF,20.5,0.0,20.5,20.5,1.0,0.0,0.3,21.8,,,21.8,,yes,3829,3285,912,204,28,133,454,31,42,0.278,0.366,0.478,116
Howard,Ehmke,Howard Ehmke,P,-0.8,14.3,13.5,14.2,5.7,0.7,0.0,20.6,,0.118,21.0,yes,,,,,,,,,,,,,,,51,64,8,989.7,1042,421,330,373,32,3.83,112
Rich,Gedman,Rich Gedman,C,10.5,0.0,10.5,10.5,5.6,1.0,0.9,18.0,0.946,,21.0,,yes,3129,2856,741,164,12,83,206,16,24,0.259,0.310,0.412,94
Billy,Goodman,Billy Goodman,2B,19.2,0.0,19.2,20.2,0.6,0.0,0.0,20.8,,,20.8,,yes,5043,4383,1343,247,34,14,559,22,7,0.306,0.387,0.388,101,,,,,,,,,,,,hof,2004
Mickey,McDermott,Mickey McDermott,P,2.9,12.5,15.4,16.2,3.3,0.0,0.0,19.5,,0.366,20.7,yes,,,,,,,,,,,,,,,48,34,8,773.7,647,327,504,499,47,3.80,115
Fritz,Ostermueller,Fritz Ostermueller,P,1.3,15.6,16.9,17.8,1.5,0.0,0.0,19.3,,0.425,20.7,yes,,,,,,,,,,,,,,,59,65,13,1083.3,1184,527,491,422,45,4.38,110
Bill,Monbouquette,Bill Monbouquette,P,-2.5,19.6,17.1,17.3,2.8,0.0,0.0,20.1,,0.102,20.5,yes,,,,,,,,,,,,,,,96,91,1,1622.0,1649,665,408,969,180,3.69,107,hof,2000
Jacoby,Ellsbury,Jacoby Ellsbury,CF,13.6,0.0,13.6,13.6,4.7,1.2,0.8,20.3,,,20.3,,yes,2245,2032,611,106,23,52,154,24,16,0.301,0.354,0.452,109,,,,,,,,,,,,active
Tom,Brewer,Tom Brewer,P,1.0,13.7,14.7,15.4,3.2,0.2,0.0,18.8,,0.100,19.2,yes,,,,,,,,,,,,,,,91,82,3,1509.3,1478,671,669,733,126,4.00,104
Jim,Piersall,Jim Piersall,CF,15.8,0.0,15.8,16.6,2.4,0.0,0.0,19.0,,,19.0,,yes,3815,3369,919,158,32,66,338,20,31,0.273,0.340,0.397,93,,,,,,,,,,,,hof,1997
Ellis,Burks,Ellis Burks,CF,16.7,0.0,16.7,16.7,2.3,0.0,-0.2,18.8,,,18.8,,yes,3132,2827,791,160,27,94,254,19,18,0.280,0.341,0.455,114
Wally,Schang,Wally Schang,C,9.7,0.0,9.7,11.1,3.7,0.3,0.7,15.8,0.721,,17.8,,yes,1165,942,274,53,11,4,181,14,0,0.291,0.412,0.383,126
Jesse,Tannehill,Jesse Tannehill,P,2.0,10.0,12.0,12.6,4.4,0.0,0.0,17.0,,0.086,17.3,yes,,,,,,,,,,,,,,,62,38,1,885.7,836,246,154,342,24,2.50,108
Mike,Lowell,Mike Lowell,3B,12.3,0.0,12.3,12.3,3.3,0.0,0.6,16.2,,,16.2,,yes,2480,2244,650,153,4,80,194,13,29,0.290,0.346,0.468,107,,,,,,,,,,,,ineligible
Frank,Malzone,Frank Malzone,3B,15.2,0.0,15.2,15.6,0.4,0.0,0.0,16.0,,,16.0,,yes,5702,5273,1454,234,21,131,327,17,54,0.276,0.317,0.403,93,,,,,,,,,,,,hof,1995
J.D.,Drew,J.D. Drew,RF,12.6,0.0,12.6,12.6,2.2,0.0,1.2,16.0,,,16.0,,yes,2379,2012,532,113,15,80,333,14,19,0.264,0.370,0.455,114,,,,,,,,,,,,active
Rube,Foster,Rube Foster,P,0.6,9.2,9.8,10.3,2.1,0.0,2.8,15.3,,0.254,15.9,yes,,,,,,,,,,,,,,,58,33,3,842.3,726,221,305,294,6,2.36,116
Heinie,Wagner,Heinie Wagner,SS,14.3,0.0,14.3,15.0,0.5,0.0,0.0,15.6,,,15.6,,yes,3714,3277,822,127,47,10,310,28,0,0.251,0.321,0.327,96
Tim,Naehring,Tim Naehring,3B,12.2,0.0,12.2,13.5,1.9,0.0,0.1,15.6,,,15.6,,yes,2162,1872,527,104,4,49,236,16,12,0.282,0.365,0.420,103
Bullet Joe,Bush,Bullet Joe Bush,P,2.2,7.2,9.4,10.7,3.4,0.0,0.8,14.9,,0.126,15.2,yes,,,,,,,,,,,,,,,46,39,4,779.7,783,283,282,312,16,3.27,107
Frank,Viola,Frank Viola,P,0.0,10.6,10.6,10.8,4.1,0.1,0.0,15.0,,0.000,15.0,yes,,,,,,,,,,,,,,,25,21,0,452.7,428,171,178,221,27,3.40,131
Johnny,Damon,Johnny Damon,CF,12.1,0.0,12.1,12.1,3.1,0.0,-0.3,14.9,,,14.9,,yes,2782,2476,730,136,29,56,262,12,23,0.295,0.362,0.441,108,,,,,,,,,,,,active
Rick,Burleson,Rick Burleson,SS,14.7,0.0,14.7,14.7,0.4,0.0,-0.2,14.9,,,14.9,,yes,4491,4064,1114,203,21,38,310,21,40,0.274,0.326,0.362,85,,,,,,,,,,,,hof,2002
Dave,Ferriss,Dave Ferriss,P,2.2,8.9,11.1,11.7,2.2,0.0,0.2,14.1,,0.285,14.8,yes,,,,,,,,,,,,,,,65,30,8,880.0,914,356,314,296,42,3.64,103,hof,2002
Bob,Johnson,Bob Johnson,LF,9.5,0.0,9.5,10.0,3.9,0.9,0.0,14.8,,,14.8,,yes,1219,1054,318,67,15,29,158,5,0,0.302,0.395,0.476,149
Eddie,Bressoud,Eddie Bressoud,SS,11.6,0.0,11.6,11.6,3.1,0.0,0.0,14.7,,,14.7,,yes,2188,1958,528,115,19,57,199,6,12,0.270,0.337,0.435,109
Jake,Stahl,Jake Stahl,1B,11.6,0.0,11.6,12.2,1.9,0.0,0.4,14.5,0.058,,14.5,,yes,1890,1648,456,71,50,21,140,46,0,0.277,0.350,0.419,134
Sonny,Siebert,Sonny Siebert,P,1.5,8.0,9.5,9.5,3.9,0.3,0.0,13.7,,0.176,14.1,yes,,,,,,,,,,,,,,,57,41,5,820.0,787,315,248,528,88,3.46,108
Jack,Wilson,Jack Wilson,P,-0.4,11.4,11.0,11.6,1.1,0.0,0.0,12.7,,0.562,13.9,yes,,,,,,,,,,,,,,,67,67,20,1067.7,1141,527,564,563,67,4.44,107
Rick,Ferrell,Rick Ferrell,C,9.7,0.0,9.7,10.2,1.6,0.0,0.0,11.8,0.985,,13.8,,yes,2100,1791,541,111,17,16,269,2,0,0.302,0.394,0.410,102,,,,,,,,,,,,hof,1995
Sad Sam,Jones,Sad Sam Jones,P,0.6,7.6,8.2,8.8,3.7,0.7,0.0,13.3,,0.210,13.8,yes,,,,,,,,,,,,,,,64,59,4,1045.0,1069,394,338,307,16,3.39,102
Oil Can,Boyd,Oil Can Boyd,P,0.0,11.1,11.1,11.1,2.6,0.0,-0.4,13.3,,0.046,13.5,yes,,,,,,,,,,,,,,,60,56,0,1016.7,1067,469,259,571,126,4.15,103
Billy,Werber,Billy Werber,3B,9.5,0.0,9.5,10.0,3.1,0.1,0.0,13.2,,,13.2,,yes,2372,2045,575,130,25,38,268,9,0,0.281,0.367,0.425,98
Tom,Burgmeier,Tom Burgmeier,P,0.0,8.1,8.1,8.1,2.9,0.2,0.0,11.2,,0.995,13.1,yes,,,,,,,,,,,,,,,21,12,40,411.0,409,124,98,217,29,2.72,157
Jack,Quinn,Jack Quinn,P,-1.0,11.6,10.6,11.2,1.1,0.0,0.0,12.3,,0.310,12.9,yes,,,,,,,,,,,,,,,45,54,14,832.7,946,338,190,226,28,3.65,116
Everett,Scott,Everett Scott,SS,11.4,0.0,11.4,12.6,0.0,0.0,-0.2,12.4,,,12.4,,yes,4268,3887,956,141,41,7,171,11,0,0.246,0.280,0.309,69,,,,,,,,,,,,hof,2004
Bill,Carrigan,Bill Carrigan,C,9.7,0.0,9.7,10.2,0.4,0.0,0.1,10.7,0.915,,12.4,,yes,2277,1970,506,67,14,6,206,22,0,0.257,0.334,0.314,94,,,,,,,,,,,,hof,2004
George,Scott,George Scott,1B,11.0,0.0,11.0,11.0,1.4,0.0,-0.1,12.3,,,12.3,,yes,4565,4078,1053,149,37,150,401,34,37,0.258,0.327,0.423,103,,,,,,,,,,,,hof,1995
Mike,Boddicker,Mike Boddicker,P,0.0,10.4,10.4,10.4,2.4,0.0,-0.6,12.2,,0.012,12.2,yes,,,,,,,,,,,,,,,39,22,0,528.7,527,205,166,344,38,3.49,118
Hobe,Ferris,Hobe Ferris,2B,10.1,0.0,10.1,11.3,0.0,0.0,0.9,12.2,,,12.2,,yes,3927,3689,876,148,77,34,135,11,0,0.237,0.266,0.347,83
Daisuke,Matsuzaka,Daisuke Matsuzaka,P,-0.2,9.6,9.4,9.4,2.1,0.0,0.6,12.1,,0.009,12.1,yes,,,,,,,,,,,,,,,49,30,0,622.7,569,294,301,568,64,4.25,108,active
Ernie,Shore,Ernie Shore,P,-2.3,10.7,8.4,8.8,1.1,0.0,1.8,11.8,,0.176,12.1,yes,,,,,,,,,,,,,,,58,33,3,839.0,732,198,204,272,6,2.12,128
Dick,Drago,Dick Drago,P,0.0,8.6,8.6,8.6,0.8,0.0,1.1,10.5,,0.859,12.1,yes,,,,,,,,,,,,,,,30,29,41,547.3,517,216,184,305,50,3.55,117
Willard,Nixon,Willard Nixon,P,1.7,9.2,10.9,11.5,0.2,0.0,0.0,11.7,,0.213,12.1,yes,,,,,,,,,,,,,,,69,72,3,1234.0,1277,602,530,616,89,4.39,98
Hideki,Okajima,Hideki Okajima,P,0.0,6.3,6.3,6.3,1.8,0.0,2.2,10.3,,1.000,12.1,yes,,,,,,,,,,,,,,,17,8,6,246.3,221,85,86,215,26,3.11,149,active
Herb,Pennock,Herb Pennock,P,0.6,9.3,9.9,10.7,0.4,0.0,0.0,11.1,,0.383,11.9,yes,,,,,,,,,,,,,,,62,59,6,1089.3,1169,444,299,358,29,3.67,100,hof,1995
Danny,MacFayden,Danny MacFayden,P,-0.8,10.9,10.1,10.6,0.8,0.0,0.0,11.4,,0.200,11.8,yes,,,,,,,,,,,,,,,52,78,4,1167.0,1273,548,430,344,45,4.23,102
Joe,Harris,Joe Harris,LF,9.6,0.0,9.6,10.1,1.7,0.0,0.0,11.8,,,11.8,,yes,1601,1382,439,94,29,22,163,11,0,0.318,0.394,0.475,126
Adrian,Gonzalez,Adrian Gonzalez,1B,6.9,0.0,6.9,6.9,3.9,0.9,0.0,11.7,,,11.7,,yes,715,630,213,45,3,27,74,6,5,0.338,0.410,0.548,155,,,,,,,,,,,,active
Mike,Timlin,Mike Timlin,P,0.0,6.9,6.9,6.9,1.6,0.1,1.2,9.8,,1.000,11.5,yes,,,,,,,,,,,,,,,30,22,27,409.0,422,171,98,273,44,3.76,125
Bill,Campbell,Bill Campbell,P,0.0,5.1,5.1,5.1,3.1,1.6,0.0,9.8,,1.000,11.5,yes,,,,,,,,,,,,,,,28,19,51,335.0,318,133,142,240,27,3.57,122
Clay,Buchholz,Clay Buchholz,P,0.1,8.8,8.9,8.9,2.4,0.0,0.0,11.3,,0.026,11.4,yes,,,,,,,,,,,,,,,35,24,0,447.0,416,181,185,342,43,3.64,123,active
Patsy,Dougherty,Patsy Dougherty,LF,8.1,0.0,8.1,9.3,2.2,0.0,-0.1,11.3,,,11.3,,yes,1359,1223,398,36,22,4,100,12,0,0.325,0.382,0.401,126
Jody,Reed,Jody Reed,2B,11.3,0.0,11.3,11.3,0.2,0.0,-0.3,11.2,,,11.2,,yes,3067,2658,743,180,7,17,319,16,17,0.280,0.358,0.372,100
Ira,Flagstead,Ira Flagstead,CF,10.5,0.0,10.5,11.0,0.0,0.0,0.0,11.0,,,11.0,,yes,3399,2941,867,196,32,27,335,37,0,0.295,0.374,0.411,105
Mike,Andrews,Mike Andrews,2B,9.9,0.0,9.9,9.9,1.1,0.0,-0.1,10.9,,,10.9,,yes,2466,2101,563,96,4,47,295,13,12,0.268,0.360,0.385,108
Tom,Gordon,Tom Gordon,P,0.0,8.5,8.5,8.5,1.7,0.0,-0.4,9.8,,0.653,10.9,yes,,,,,,,,,,,,,,,25,25,68,495.3,476,245,220,432,42,4.45,109
Bill,Mueller,Bill Mueller,3B,9.1,0.0,9.1,9.1,2.5,0.0,-0.9,10.7,,,10.7,,yes,1650,1442,437,106,9,41,169,17,18,0.303,0.378,0.474,119
Earl,Wilson,Earl Wilson,P,3.3,7.0,10.3,10.3,0.2,0.0,0.0,10.5,,0.103,10.7,yes,,,,,,,,,,,,,,,56,58,0,1024.3,951,467,481,714,123,4.10,95
Ray,Culp,Ray Culp,P,-1.9,11.3,9.4,9.4,1.2,0.0,0.0,10.6,,0.037,10.7,yes,,,,,,,,,,,,,,,71,58,0,1092.3,958,425,404,794,103,3.50,105
Danny,Darwin,Danny Darwin,P,0.0,7.9,7.9,7.9,2.1,0.0,0.0,10.0,,0.327,10.6,yes,,,,,,,,,,,,,,,34,31,3,534.3,527,246,141,350,70,4.14,110
Milt,Gaston,Milt Gaston,P,-0.1,7.9,7.8,8.2,1.8,0.0,0.0,10.0,,0.200,10.4,yes,,,,,,,,,,,,,,,27,52,4,635.7,674,279,220,215,34,3.95,112
Bob,Ojeda,Bob Ojeda,P,0.0,9.6,9.6,9.6,0.3,0.0,0.0,9.9,,0.193,10.2,yes,,,,,,,,,,,,,,,44,39,1,718.7,734,336,285,425,64,4.21,101
Greg,Harris,Greg Harris,P,0.0,8.1,8.1,7.6,1.4,0.0,-0.1,8.9,,0.815,10.1,yes,,,,,,,,,,,,,,,39,43,16,651.0,601,283,304,489,48,3.91,111
Red,Ruffing,Red Ruffing,P,2.7,5.1,7.8,8.2,1.3,0.0,0.0,9.5,,0.270,9.9,yes,,,,,,,,,,,,,,,39,96,8,1122.3,1226,575,459,450,47,4.61,92,hof,1995
Rick,Miller,Rick Miller,CF,9.9,0.0,9.9,9.9,0.0,0.0,-0.1,9.8,,,9.8,,yes,2935,2573,683,107,23,23,302,10,15,0.265,0.343,0.352,91
Eddie,Lake,Eddie Lake,SS,6.7,0.0,6.7,7.0,2.7,0.0,0.0,9.7,,,9.7,,yes,1007,815,201,42,1,14,176,2,0,0.247,0.382,0.352,111
Tony,Conigliaro,Tony Conigliaro,RF,9.0,0.0,9.0,9.0,0.6,0.0,0.0,9.6,,,9.6,,yes,3298,2955,790,121,23,162,264,32,30,0.267,0.331,0.488,122,,,,,,,,,,,,hof,1995
Aaron,Sele,Aaron Sele,P,0.0,8.0,8.0,9.3,0.2,0.0,0.0,9.5,,0.000,9.5,yes,,,,,,,,,,,,,,,38,33,0,622.0,660,305,269,478,60,4.41,110
Adrian,Beltre,Adrian Beltre,3B,6.1,0.0,6.1,6.1,3.1,0.1,0.0,9.3,,,9.3,,yes,641,589,189,49,2,28,40,5,7,0.321,0.365,0.553,141,,,,,,,,,,,,active
John,Tudor,John Tudor,P,0.0,8.4,8.4,8.4,0.7,0.0,0.0,9.1,,0.113,9.3,yes,,,,,,,,,,,,,,,39,32,1,636.7,645,280,208,382,69,3.96,108
Earl,Webb,Earl Webb,RF,7.1,0.0,7.1,7.5,1.8,0.0,0.0,9.3,,,9.3,,yes,1164,1038,341,97,9,30,114,1,0,0.329,0.395,0.526,136
Joe,Foy,Joe Foy,3B,8.0,0.0,8.0,8.0,0.9,0.0,0.3,9.2,,,9.2,,yes,1771,1515,373,63,14,41,221,9,10,0.246,0.344,0.387,108
Buck,O'Brien,Buck O'Brien,P,-0.8,7.8,7.0,7.4,1.7,0.0,-0.3,8.8,,0.121,9.0,yes,,,,,,,,,,,,,,,29,23,0,413.7,370,118,146,200,3,2.57,128
Daniel,Bard,Daniel Bard,P,0.0,5.3,5.3,5.3,1.8,0.2,0.2,7.5,,1.000,8.8,yes,,,,,,,,,,,,,,,5,13,5,197.0,132,63,76,213,16,2.88,154,active
Mickey,Harris,Mickey Harris,P,1.0,6.5,7.5,7.9,0.8,0.0,-0.3,8.4,,0.274,8.8,yes,,,,,,,,,,,,,,,43,42,1,688.0,723,300,290,369,48,3.92,104
Bernie,Carbo,Bernie Carbo,RF,7.4,0.0,7.4,7.4,0.0,0.0,1.4,8.8,,,8.8,,yes,1202,986,257,54,4,45,204,5,5,0.261,0.388,0.460,130
Roy,Johnson,Roy Johnson,LF,7.9,0.0,7.9,8.3,0.4,0.0,0.0,8.7,,,8.7,,yes,2205,1954,611,130,30,31,227,8,0,0.313,0.386,0.458,116
Doc,Gessler,Doc Gessler,RF,6.6,0.0,6.6,6.9,1.7,0.0,0.0,8.6,,,8.6,,yes,947,831,249,37,15,3,82,19,0,0.300,0.376,0.391,143
Johnny,Marcum,Johnny Marcum,P,0.3,7.3,7.6,8.0,0.2,0.0,0.0,8.2,,0.313,8.6,yes,,,,,,,,,,,,,,,26,30,4,450.0,537,234,124,141,42,4.68,107
Jim,Lonborg,Jim Lonborg,P,0.5,5.2,5.7,5.7,0.5,0.0,1.8,8.0,,0.201,8.3,yes,,,,,,,,,,,,,,,68,65,2,1099.0,1031,481,403,784,105,3.94,93,hof,2002
Gary,Geiger,Gary Geiger,CF,8.1,0.0,8.1,8.2,0.0,0.0,0.0,8.2,,,8.2,,yes,2290,2002,507,78,23,71,249,12,9,0.253,0.338,0.422,104
Fergie,Jenkins,Fergie Jenkins,P,0.0,7.1,7.1,7.1,1.1,0.0,0.0,8.2,,0.017,8.2,yes,,,,,,,,,,,,,,,22,21,0,402.0,391,155,79,247,50,3.47,122
Roger,Moret,Roger Moret,P,-0.3,7.9,7.6,7.6,0.0,0.0,-0.2,7.4,,0.483,8.1,yes,,,,,,,,,,,,,,,41,18,6,559.0,490,213,272,334,47,3.43,116
George,Winter,George Winter,P,-0.9,7.9,7.0,7.7,0.1,0.0,0.0,7.8,,0.174,8.0,yes,,,,,,,,,,,,,,,82,97,3,1599.7,1503,518,370,543,32,2.91,100
Eddie,Cicotte,Eddie Cicotte,P,0.5,6.5,7.0,7.4,0.0,0.0,0.0,7.4,,0.301,7.7,yes,,,,,,,,,,,,,,,52,46,3,885.7,822,265,289,407,9,2.69,102
Jason,Bay,Jason Bay,LF,5.5,0.0,5.5,5.5,2.1,0.0,0.0,7.6,,,7.6,,yes,849,715,196,41,5,45,116,11,7,0.274,0.380,0.534,132,,,,,,,,,,,,active
Marty,Barrett,Marty Barrett,2B,6.9,0.0,6.9,6.9,0.0,0.0,0.6,7.5,,,7.5,,yes,3816,3362,935,162,9,17,304,15,33,0.278,0.338,0.347,86
Ed,Morris,Ed Morris,P,0.2,6.0,6.2,6.5,0.5,0.0,0.0,7.0,,0.422,7.5,yes,,,,,,,,,,,,,,,42,45,6,662.0,680,303,287,251,19,4.12,102
Dick,Hoblitzell,Dick Hoblitzell,1B,6.9,0.0,6.9,7.2,0.2,0.0,0.1,7.5,,,7.5,,yes,1532,1305,340,52,20,3,139,13,0,0.261,0.338,0.338,109
Ike,Delock,Ike Delock,P,-3.3,9.7,6.4,6.8,0.0,0.0,0.0,6.8,,0.559,7.5,yes,,,,,,,,,,,,,,,83,72,31,1207.7,1211,538,514,661,135,4.01,103
Tommy,Harper,Tommy Harper,LF,6.1,0.0,6.1,6.1,1.3,0.0,0.0,7.4,,,7.4,,yes,1783,1565,405,67,8,36,174,13,7,0.259,0.337,0.381,102,,,,,,,,,,,,hof,2010
Scott,Cooper,Scott Cooper,3B,6.6,0.0,6.6,7.3,0.0,0.0,0.0,7.3,,,7.3,,yes,1420,1268,360,70,9,27,127,6,10,0.284,0.349,0.417,101
Ben,Chapman,Ben Chapman,RF,6.3,0.0,6.3,6.6,0.5,0.0,0.0,7.1,,,7.1,,yes,1040,903,293,63,19,13,122,1,0,0.324,0.405,0.480,117
Harry,Lord,Harry Lord,3B,5.9,0.0,5.9,6.2,0.9,0.0,0.0,7.1,,,7.1,,yes,1581,1420,391,33,18,3,57,20,0,0.275,0.313,0.330,103
Rube,Walberg,Rube Walberg,P,-0.4,6.4,6.0,6.3,0.0,0.0,0.0,6.3,,0.692,7.1,yes,,,,,,,,,,,,,,,21,27,5,452.3,511,223,177,177,29,4.44,110
Jack,Russell,Jack Russell,P,-0.5,6.4,5.9,6.2,0.4,0.0,0.0,6.6,,0.393,7.1,yes,,,,,,,,,,,,,,,41,94,0,1215.0,1480,618,294,202,47,4.58,94
Johnny,Welch,Johnny Welch,P,-0.1,5.8,5.7,6.0,0.3,0.0,0.0,6.3,,0.601,7.0,yes,,,,,,,,,,,,,,,33,40,5,583.3,656,302,242,242,31,4.66,100
Del,Pratt,Del Pratt,2B,5.9,0.0,5.9,6.2,0.7,0.0,0.0,6.9,,,6.9,,yes,1248,1128,352,80,17,11,97,5,0,0.312,0.369,0.442,110
Mike,Torrez,Mike Torrez,P,0.0,6.6,6.6,6.6,0.2,0.0,0.0,6.8,,0.025,6.8,yes,,,,,,,,,,,,,,,60,54,0,1012.7,1108,507,420,480,87,4.51,95
George,Burns,George Burns,1B,5.7,0.0,5.7,6.0,0.8,0.0,0.0,6.8,,,6.8,,yes,1218,1109,352,79,10,19,65,16,0,0.317,0.364,0.458,115
Scott,Fletcher,Scott Fletcher,2B,5.1,0.0,5.1,5.4,1.4,0.0,0.0,6.8,,,6.8,,yes,737,665,179,40,6,8,53,7,3,0.269,0.328,0.383,85
Hugh,Bedient,Hugh Bedient,P,-0.8,5.4,4.6,4.8,1.4,0.0,0.0,6.2,,0.429,6.7,yes,,,,,,,,,,,,,,,43,35,9,667.3,648,226,167,314,10,3.05,100
Carney,Lansford,Carney Lansford,3B,5.9,0.0,5.9,5.9,0.8,0.0,0.0,6.7,,,6.7,,yes,977,881,279,51,7,15,80,4,10,0.317,0.372,0.442,122
Carl,Everett,Carl Everett,CF,5.0,0.0,5.0,5.0,1.5,0.0,0.0,6.5,,,6.5,,yes,1010,905,254,56,8,48,79,21,5,0.281,0.350,0.519,118
Rick,Wise,Rick Wise,P,0.0,6.5,6.5,6.5,0.0,0.0,-0.1,6.4,,0.058,6.5,yes,,,,,,,,,,,,,,,47,32,0,657.0,678,289,164,344,73,3.96,105
Stuffy,McInnis,Stuffy McInnis,1B,5.4,0.0,5.4,6.4,0.0,0.0,-0.1,6.3,,,6.3,,yes,2240,2006,594,75,23,3,81,9,0,0.296,0.326,0.361,90
Joe,Hesketh,Joe Hesketh,P,0.0,5.4,5.4,5.8,0.0,0.0,0.0,5.8,,0.485,6.3,yes,,,,,,,,,,,,,,,31,26,2,495.0,520,222,197,351,49,4.04,111
George,Kell,George Kell,3B,5.5,0.0,5.5,5.8,0.5,0.0,0.0,6.3,,,6.3,,yes,941,829,253,59,4,18,98,6,0,0.305,0.383,0.451,121
Del,Gainer,Del Gainer,1B,5.2,0.0,5.2,5.5,0.0,0.0,0.8,6.2,,,6.2,,yes,827,716,196,36,14,8,67,8,0,0.274,0.343,0.397,122
Dick,Gernert,Dick Gernert,1B,5.9,0.0,5.9,6.2,0.0,0.0,0.0,6.2,,,6.2,,yes,2626,2255,568,96,8,101,336,17,11,0.252,0.352,0.436,108
Reggie,Cleveland,Reggie Cleveland,P,0.0,6.1,6.1,6.1,0.0,0.0,-0.3,5.8,,0.413,6.2,yes,,,,,,,,,,,,,,,46,41,4,752.7,778,338,225,342,67,4.04,102
Mike,Stanley,Mike Stanley,1B,6.3,0.0,6.3,6.3,0.3,0.0,-0.6,6.0,0.261,,6.0,,yes,1703,1425,391,76,1,73,234,24,19,0.274,0.381,0.483,118
Jim,Tabor,Jim Tabor,3B,5.7,0.0,5.7,6.0,0.0,0.0,0.0,6.0,,,6.0,,yes,3351,3074,838,162,27,90,230,3,0,0.273,0.324,0.431,101
Coco,Crisp,Coco Crisp,CF,5.3,0.0,5.3,5.3,1.1,0.0,-0.4,6.0,,,6.0,,yes,1452,1300,352,68,12,21,116,3,9,0.271,0.330,0.390,84
Billy,Klaus,Billy Klaus,SS,5.6,0.0,5.6,5.9,0.0,0.0,0.0,5.9,,,5.9,,yes,1860,1626,428,77,11,25,210,1,12,0.263,0.346,0.370,86
Don,Buddin,Don Buddin,SS,5.7,0.0,5.7,5.9,0.0,0.0,0.0,5.9,,,5.9,,yes,2559,2126,519,116,11,39,373,16,17,0.244,0.359,0.364,93
Buddy,Myer,Buddy Myer,3B,5.0,0.0,5.0,5.3,0.6,0.0,0.0,5.9,,,5.9,,yes,1161,1005,303,48,17,3,101,8,0,0.301,0.370,0.392,102
Troy,O'Leary,Troy O'Leary,LF,5.5,0.0,5.5,5.7,0.0,0.0,0.1,5.8,,,5.8,,yes,3788,3456,954,209,37,117,276,23,28,0.276,0.331,0.459,99
Dusty,Cooke,Dusty Cooke,RF,5.4,0.0,5.4,5.7,0.0,0.0,0.0,5.7,,,5.7,,yes,1495,1257,357,81,24,15,221,3,0,0.284,0.392,0.422,105
Bret,Saberhagen,Bret Saberhagen,P,-0.1,5.8,5.7,5.7,0.4,0.0,-0.6,5.5,,0.000,5.5,yes,,,,,,,,,,,,,,,26,17,0,335.0,352,145,50,205,41,3.90,124
Jerry,Remy,Jerry Remy,2B,5.4,0.0,5.4,5.4,0.0,0.0,0.0,5.4,,,5.4,,yes,3118,2809,802,90,20,2,214,2,21,0.286,0.334,0.334,81,,,,,,,,,,,,hof,1997
Bronson,Arroyo,Bronson Arroyo,P,-0.1,5.5,5.4,5.4,0.0,0.0,-0.2,5.2,,0.164,5.4,yes,,,,,,,,,,,,,,,24,19,1,401.3,394,187,105,256,39,4.19,112,active
Brian,Daubach,Brian Daubach,1B,5.6,0.0,5.6,5.6,0.0,0.0,-0.5,5.1,,,5.1,,yes,2033,1802,477,125,10,86,194,22,14,0.265,0.341,0.488,109
Darren,Bragg,Darren Bragg,RF,5.4,0.0,5.4,5.4,0.0,0.0,-0.3,5.1,,,5.1,,yes,1051,922,246,64,5,17,103,9,8,0.267,0.344,0.402,91
Jose,Canseco,Jose Canseco,DH,5.1,0.0,5.1,5.4,0.0,0.0,-0.6,4.8,,,4.8,,yes,882,756,225,47,2,52,105,13,8,0.298,0.389,0.571,141
Cecil,Cooper,Cecil Cooper,1B,5.2,0.0,5.2,5.2,0.0,0.0,-0.5,4.7,,,4.7,,yes,1447,1330,377,70,14,40,81,6,13,0.283,0.324,0.447,112
